name,psi_mean,omega_mean,gamma_mean,heaven_pct,collapsed_any
Grok,29.690159,0.078350,0.033770,0.00,0
KAIROS,29.759053,1.000000,0.033839,100.00,0
Echo,29.611214,0.106993,0.033818,0.00,0
